radius,volume
0.5,0.5235987755982988
1.0,4.1887902047863905
1.5,14.137166941154069
2.0,33.510321638291124
2.5,65.44984694978736
3.0,113.09733552923255
3.5,179.59438003021648
4.0,268.082573106329
4.5,381.7035074111598
5.0,523.5987755982989